[
    {
      "id": "7511fc92-f9db-4eff-83e1-c46405f7807b",
      "name": "Rostélyos sült",
      "slug": "rostelyos-sult",
      "ingredients": [
        { "name": "marha sült", "quantity": "1", "type": "meat" },
        { "name": "barna mártáskeverék", "quantity": "1 csomag", "type": "cooking" },
        { "name": "szárított olasz salátaöntet keverék", "quantity": "1 csomag", "type": "spice" },
        { "name": "száraz ranch dressing mix", "quantity": "1 csomag", "type": "spice" },
        { "name": "víz", "quantity": "1/2 csésze", "type": "drink" }
      ],
      "steps": [
        { "content": "Helyezzük a marhapörköltet a cserépbe.", "timer": "0" },
        { "content": "Keverjük össze a szárított keverékeket egy tálban, és szórjuk rá a sültre.", "timer": "0" },
        { "content": "Öntsük a vizet a sültre.", "timer": "0" },
        { "content": "Főzzük alacsony hőfokon, 7-9 órán keresztül.", "timer": "420" }
      ],
      "imageURL": "picVfzLZo.jpg"
    },
    {
      "id": "f72a1e55-8d51-417f-aff0-384e4a34c8d8",
      "name": "Sült spárga",
      "slug": "sult-sparga",
      "ingredients": [
        { "name": "spárga", "quantity": "1 font", "type": "fruit" },
        { "name": "olívaolaj", "quantity": "1 1/2 evőkanál", "type": "spice" },
        { "name": "kóser só", "quantity": "1/2 teáskanál", "type": "cooking" }
      ],
      "steps": [
        { "content": "Melegítsük elő a sütőt 425 °F-ig.", "timer": "0" },
        { "content": "Vágjuk le a spárga alsó részét és dobjuk ki.", "timer": "0" },
        { "content": "Hámozzuk meg a spárgát a száránál, 2-3 hüvelykben", "timer": "0" },
        { "content": "Helyezzük a spárgát a fóliával bélelt sütőlapra és szitáljuk meg az olívaolajjal.", "timer": "0" },
        { "content": "Szórjuk meg sóval.", "timer": "0" },
        {
          "content": "Forgassuk a spárgát, amíg egyenletesen be nem vonódik olajjal és sóval.",
          "timer": "0"
        },
        {
          "content": "10-15 percig pörköljük, a szárak vastagságától függően.",
          "timer": "10"
        }
      ],
      "imageURL": "picMcSyVd.jpg"
    },
    {
      "id": "98607b1d-2437-4a3f-98c0-a8dd43492a1e",
      "name": "Big Night Pizza",
      "slug": "big-night-pizza",
      "ingredients": [
        { "name": "élesztő", "quantity": "5 teáskanál", "type": "spice" },
        { "name": "liszt", "quantity": "5 csésze", "type": "spice" },
        { "name": "növényi olaj", "quantity": "4 evőkanál", "type": "spice" },
        { "name": "cukor", "quantity": "2 evőkanál", "type": "spice" },
        { "name": "só", "quantity": "2 teáskanál", "type": "spice" },
        { "name": "forró víz", "quantity": "2 csésze", "type": "spice" },
        { "name": "pizza szósz", "quantity": "1/4 csésze", "type": "spice" },
        { "name": "mozzarella sajt", "quantity": "3/4 csésze", "type": "dairy" }
      ],
      "steps": [
        { "content": "Adjunk forró vizet az élesztőhöz egy nagy tálban, és hagyjuk ülni 15 percig.", "timer": "15" },
        { "content": "Keverje össze az olajat, a cukrot, a sót és a lisztet, és hagyja 1 órán át ülni.", "timer": "60" },
        { "content": "Gyúrjuk meg a tésztát és terítsük egy serpenyőre.", "timer": "0" },
        { "content": "Terítsük szét a pizzamártást és szórjuk rá a sajtot.", "timer": "0" },
        { "content": "Adjuk hozzá a feltéteket", "timer": "0" },
        { "content": "Süssük 400 fok Fahrenheiten 15 percig.", "timer": "15" }
      ],
      "imageURL": "hg1dddxjnkrvtds4xwse.webp"
    },
    {
      "id": "19e36ee2-c5ee-4a3a-80d7-dd4a5048adb1",
      "name": "Áfonyával és almával töltött tök",
      "slug": "afonyaval-es-almaval-toltott-tok",
      "ingredients": [
        { "name": "tök", "quantity": "2", "type": "fruit" },
        { "name": "forrásban lévő víz", "quantity": "1", "type": "drink" },
        { "name": "1,4 hüvelykes darabokra vágott alma", "quantity": "2", "type": "fruit" },
        { "name": "szárított áfonya", "quantity": "1/2 csésze", "type": "fruit" },
        { "name": "fahéj", "quantity": "1 teáskanál", "type": "cooking" },
        { "name": "olvasztott vaj", "quantity": "2 evőkanál", "type": "dairy" }
      ],
      "steps": [
        { "content": "Vágja a tököt felére és távolítsa el a magokat.", "timer": "0" },
        { "content": "Helyezze a tököt a vágott oldalával lefelé a sütőedénybe.", "timer": "0" },
        { "content": "Öntsön 1/4 liter vizet az edénybe.", "timer": "0" },
        { "content": "Süssük 30 percig, 350 fokon.", "timer": "30" },
        { "content": "Vegye ki a tököt a sütőből, töltse fel keverékkel.", "timer": "0" },
        { "content": "Süssük még 30–40 percig.", "timer": "30" }
      ],
      "imageURL": "acorn_squash_with_cranberry.jpg"
    },
    {
      "id": "8fbc1628-2a6c-470c-b6b3-1305b1b4b4d8",
      "name": "Mic's Yorkshire Puds",
      "slug": "mics-yorkshire-puds",
      "ingredients": [
        { "name": "egyszerű liszt", "quantity": "200g", "type": "cooking" },
        { "name": "tojás", "quantity": "3", "type": "dairy" },
        { "name": "tej", "quantity": "300ml", "type": "dairy" },
        { "name": "növényi olaj", "quantity": "3 evőkanál", "type": "spice" }
      ],
      "steps": [
        { "content": "Helyezze a lisztet és néhány ízesítőt egy nagy tálba.", "timer": "0" },
        { "content": "Keverje össze a tojásokat egyenként.", "timer": "0" },
        { "content": "Hűtsük le legalább 30 percig a hűtőszekrényben.", "timer": "30" },
        { "content": "A sütőt melegítsük 220 ° C-ig / 7. gázjelzésig.", "timer": "0" },
        { "content": "Öntsük az olajat egy 8 lyukú muffin formába.", "timer": "0" },
        { "content": "Melegítsük 5 percig.", "timer": "5" },
        { "content": "Tegyük bele a tésztát a formába.", "timer": "0" },
        { "content": "Süssük 30 percig, amíg jól megbarnul és fel nem emelkedik.", "timer": "30" }
      ],
      "imageURL": "Yorkshire_Pudding.jpg"
    },
    {
      "id": "0fb3e2d9-23b9-4861-8cac-30ae8384232f",
      "name": "Régimódi zabliszt sütik",
      "slug": "regimodi-zabliszt-sutik",
      "ingredients": [
        { "name": "mazsola", "quantity": "1 csésze", "type": "fruit" },
        { "name": "csésze víz", "quantity": "1", "type": "drink" },
        { "name": "cukor", "quantity": "1 1/2 csésze", "type": "cooking" },
        { "name": "liszt", "quantity": "2 1/2 csésze", "type": "cooking" },
        { "name": "szóda", "quantity": "1 teáskanál", "type": "cooking" },
        { "name": "só", "quantity": "1 teáskanál", "type": "cooking" },
        { "name": "fahéj", "quantity": "1 teáskanál", "type": "cooking" },
        { "name": "sütőpor", "quantity": "1/2 teáskanál", "type": "cooking" },
        { "name": "szegfűszeg", "quantity": "1/2 teáskanál", "type": "cooking" },
        { "name": "zab", "quantity": "2 csésze", "type": "cooking" },
        { "name": "apróra vágott dió", "quantity": "1/2 csésze", "type": "cooking" }
      ],
      "steps": [
        
      ],
      "imageURL": "65caecf7-a8f7-4a09-8513-2659cf92871e.jpg"
    },
    {
      "id": "fa173527-a447-433f-a9b7-0ad2251f9b2f",
      "name": "Áfonya zabliszt szeletek",
      "slug": "afonya-zabliszt-szeletek",
      "ingredients": [
        { "name": "zabpehely, (nem azonnali)", "quantity": "2-1 / 2 csésze", "type": "cooking" },
        { "name": "általános célú liszt", "quantity": "1-1 / 4 csésze", "type": "cooking" },
        { "name": "reszelt narancshéj", "quantity": "1 evőkanál", "type": "fruit" },
        { "name": "só", "quantity": "1/4 teáskanál", "type": "cooking" },
        { "name": "kockás hideg vaj", "quantity": "1 csésze", "type": "cooking" },
        { "name": "csomagolt barna cukor", "quantity": "3/4 csésze", "type": "cooking" },
        { "name": "friss áfonya", "quantity": "3 csésze", "type": "fruit" },
        { "name": "granulált cukor", "quantity": "1/2 csésze", "type": "cooking" },
        { "name": "narancslé", "quantity": "1/3 csésze", "type": "fruit" },
        { "name": "kukoricakeményítő", "quantity": "4 teáskanál", "type": "cooking" }
      ],
      "steps": [
        
      ],
      "imageURL": "Blueberry-Oatmeal-Crumble-Bars-OR_ArticleImage-CategoryPage_ID-928824.jpg"
    },
    {
      "id": "2c03b215-60dc-4b14-946e-a3f918cadc07",
      "name": "Curry csirke saláta",
      "slug": "curry-csirke-salata",
      "ingredients": [
        { "name": "bőr nélküli, csont nélküli csirkemell, hosszában felére csökkent", "quantity": "3", "type": "meat" },
        { "name": "majonéz", "quantity": "1/2 csésze", "type": "cooking" },
        { "name": "citromhéj", "quantity": "1 evőkanál", "type": "fruit" },
        { "name": "citromlé", "quantity": "1 evőkanál", "type": "fruit" },
        { "name": "currypor", "quantity": "1 1/2 teáskanál", "type": "cooking" },
        { "name": "só", "quantity": "1/4 teáskanál", "type": "cooking" },
        { "name": "érett mangó, kockára vágva", "quantity": "2", "type": "fruit" },
        { "name": "szárított áfonya", "quantity": "1/4 csésze", "type": "fruit" },
        { "name": "zöld hagyma, vékonyra szeletelt", "quantity": "2", "type": "fruit" },
        { "name": "zeller szár, apróra vágva", "quantity": "1", "type": "fruit" },
        { "name": "bostoni saláta", "quantity": "6 levél", "type": "fruit" },
        { "name": "angol muffin, pirított", "quantity": "6", "type": "meat" }
      ],
      "steps": [
        
      ],
      "imageURL": "Curried-chicken-salad.jpg"
    },
    {
      "id": "ad83adb6-5670-4f94-be4e-9a7fc9e9f377",
      "name": "Curry lencse és rizs",
      "slug": "curry-lencse-es-rizs",
      "ingredients": [
        { "name": "marhameatleves", "quantity": "1 kvart", "type": "meat" },
        { "name": "szárított zöld lencse", "quantity": "1 csésze", "type": "meat" },
        { "name": "basmati rizs", "quantity": "1/2 csésze", "type": "meat" },
        { "name": "currypor", "quantity": "1 teáskanál", "type": "spice" },
        { "name": "só", "quantity": "1 teáskanál", "type": "spice" }
      ],
      "steps": [
        { "content": "Forraljuk fel a levest alacsony forrásig.", "timer": "0" },
        { "content": "Adjunk hozzá curry port és sót.", "timer": "0" },
        { "content": "Főzzük a lencséket 20 percig.", "timer": "20" },
        { "content": "Adjunk hozzá rizst és pároljuk 20 percig.", "timer": "20" }
      ],
      "imageURL": "lentils3.jpg"
    }
  ]
  